"","value","error"
"voltage",225,5
"fcog",5145.229146206098,1.9997589816447026
"gamma",87.42535536256653,4.3008310313107
"isotope shift",-3109.0410079875483,2.724973466932278
