"","value","error"
"voltage",250,5
"fcog",5145.065806731886,1.9036765619267288
"gamma",84.1740587544474,5.572660938894909
"isotope shift",-3108.1874982859704,2.612824148985948
