"","value","error"
"voltage",275,5
"fcog",5146.998336473667,2.7429738219661943
"gamma",93.09859275274549,8.651835089012621
"isotope shift",-3111.879927938276,4.685634826809403
