"","value","error"
"voltage",300,5
"fcog",5146.129060817274,1.928788794973097
"gamma",85.52117461053453,3.8938962242767006
"isotope shift",-3110.1581251739904,3.6865175474445318
