"","value","error"
"voltage",325,5
"fcog",5146.8228618391195,1.9899083023073239
"gamma",84.65933973819205,4.291562915215836
"isotope shift",-3111.2258333111754,4.435913159873525
