"","value","error"
"voltage",1,5
"fcog",5158.830853668148,2.523775879433141
"gamma",128.70068547371653,6.045002154107395
"isotope shift",-3132.5382056362523,7.358008984113341
