"","value","error"
"voltage",2,5
"fcog",5149.024954614972,2.1718971001418357
"gamma",93.62333775707461,5.014507076308384
"isotope shift",-3116.374683603987,6.677272191727529
