"","value","error"
"voltage",3,0
"fcog",5145.204931657665,3.8367595609531735
"gamma","gammaResult","gammaError"
"isotope shift",-3110.22874197944,11.118527892728792
