"","value","error"
"voltage",3,5
"fcog",5146.443501642894,2.0235910907857284
"gamma",85.0556733452964,3.8768739671084416
"isotope shift",-3109.1301901077527,4.489594050236297
