"","value","error"
"voltage",4,0
"fcog",5146.2920196839,2.0593428428223026
"gamma",87.39922992132843,3.661011001485479
"isotope shift",-3109.5127478911536,3.88278626687642
