"","value","error"
"voltage",5,0
"fcog",5145.99592300178,2.1642221617884543
"gamma",88.52447223435723,4.3526890631364985
"isotope shift",-3109.6047841862674,3.7817820945872618
