"","value","error"
"voltage",1,0
"fcog",4091.9901482327496,2.500280574270274
"gamma",84.25093505848963,"{}"
"isotope shift",-2975.971369200629,3.445384829843031
