"","value","error"
"voltage",150,5
"fcog",5147.049470719073,1.6807736057708609
"gamma",73.16102929541672,3.5551702383239885
"isotope shift",-3108.5819167811505,6.5120276025898605
