"","value","error"
"voltage",200,5
"fcog",5147.222557437124,2.2730438359164027
"gamma",84.8116113775343,4.02944899438258
"isotope shift",-3112.2365363754757,5.891182676720558
