"","value","error"
"voltage",250,5
"fcog",5147.480230216303,2.5607392774285254
"gamma",103.76075189629829,6.050909435715621
"isotope shift",-3120.364950090355,6.093997557054975
