"","value","error"
"voltage",300,5
"fcog",5144.944966053845,3.2984976180689554
"gamma",128.40482889137309,8.210315659813087
"isotope shift",-3118.900891688154,6.819089577872594
