"","value","error"
"voltage",350,5
"fcog",5144.808386878134,3.7299491356059455
"gamma",152.7585510830947,9.653874084433866
"isotope shift",-3117.0769478969996,7.074497549428312
